MAE_val,epoch,val_loss,R2_val,step,R2_train,train_loss,MAE_train
3.870216131210327,0,25.307641983032227,-0.0023435354232788086,10,,,
,0,,,10,-0.06258693337440491,25.576570510864258,4.090159893035889
3.870216131210327,1,25.307641983032227,-0.0023435354232788086,11,,,
